﻿<?xml version="1.0" encoding="utf-8"?>
<CardLibrary xmlns:xsd="http://www.w3.org/2001/XMLSchema" xmlns:xsi="http://www.w3.org/2001/XMLSchema-instance" ID="8EFF567B-EE60-45A2-BFED-12D05862D507" Alias="SampleLibrary" ControlInfo="" IconFile="" Version="1" MsiProductCode="" MsiPackageName="">
  <Definitions>
    <RefCardDefinition>SampleCard.xml</RefCardDefinition>
  </Definitions>
  <Name>
    <LocalizedString Language="en">Sample Library</LocalizedString>
    <LocalizedString Language="ru-RU">Пример библиотеки карточек</LocalizedString>
  </Name>
  <Log>
    <Name />
  </Log>
</CardLibrary>