﻿<?xml version="1.0" encoding="utf-8"?>
<CardDefinition xmlns:xsd="http://www.w3.org/2001/XMLSchema" xmlns:xsi="http://www.w3.org/2001/XMLSchema-instance" ID="7C4E8FD4-B184-48FF-A790-8A17DB4E2489" Alias="SampleCard" Version="11" LibraryID="8EFF567B-EE60-45A2-BFED-12D05862D507" ProgID="clsid:{16f0201f-589f-465c-9721-f6a571eb9512}" IconFile="" Copyable="true" CanBeTemplate="true" FetchMode="1" DefaultSecurity="" TypeName="DocsVision.BackOffice.WinForms.BaseCardControl, DocsVision.BackOffice.WinForms, Version=5.0.0.0, Culture=neutral, PublicKeyToken=7148afe997f90519">
  <Name>
    <LocalizedString Language="en">Sample Card</LocalizedString>
    <LocalizedString Language="ru-RU">Пример карточки</LocalizedString>
  </Name>
  <Sections>
    <Section Alias="MainInfo" RowAlias="" Type="struct" ID="57127898-DB23-489E-B0BC-6F161A7AAF09">
      <Name>
        <LocalizedString Language="en">MainInfo</LocalizedString>
        <LocalizedString Language="ru">Основная информация</LocalizedString>
      </Name>
      <Field Alias="Name" ID="675AE3FF-47F5-4440-9FDB-957C54ADE16F" Type="unitext" DefaultValue="" CopyBehavior="Copy">
        <Name>
          <LocalizedString Language="en">Name</LocalizedString>
          <LocalizedString Language="ru">Название</LocalizedString>
        </Name>
        <Description />
      </Field>
      <DisplayFields FormatString="" />
    </Section>
    <Section Alias="History" RowAlias="" Type="coll" ID="6A516876-9488-47B6-AE2A-9E371AC3D9DA">
      <Name>
        <LocalizedString Language="en">History</LocalizedString>
        <LocalizedString Language="ru">История перемещения</LocalizedString>
      </Name>
      <Field Alias="Employee" ID="EE3DFAB4-9628-437E-A9B7-0555663980B8" Type="refid" NotNull="true" RefType="6710B92A-E148-4363-8A6F-1AA0EB18936C" RefSection="DBC8AE9D-C1D2-4D5E-978B-339D22B32482" DefaultValue="" CopyBehavior="Copy">
        <Name>
          <LocalizedString Language="en">Employee</LocalizedString>
          <LocalizedString Language="ru">Сотрудник</LocalizedString>
        </Name>
        <Description />
      </Field>
      <Field Alias="Date" ID="B7EA41A9-F89E-436E-B290-A67C1F4B49A5" Type="date" NotNull="true" DefaultValue="" CopyBehavior="Copy">
        <Name>
          <LocalizedString Language="en">Date</LocalizedString>
          <LocalizedString Language="ru">Дата</LocalizedString>
        </Name>
        <Description />
      </Field>
      <Field Alias="Recipient" ID="CAE5E8B9-5ABB-4F57-942E-744D09E6F412" Type="refid" NotNull="true" RefType="6710B92A-E148-4363-8A6F-1AA0EB18936C" RefSection="7473F07F-11ED-4762-9F1E-7FF10808DDD1" DefaultValue="" CopyBehavior="Copy">
        <Name>
          <LocalizedString Language="en">Recipient</LocalizedString>
          <LocalizedString Language="ru">Получатель</LocalizedString>
        </Name>
        <Description />
      </Field>
      <Field Alias="Description" ID="9DC5788F-7DBA-4E0D-913A-B97C8442DA07" Type="string" DefaultValue="" CopyBehavior="Copy">
        <Name>
          <LocalizedString Language="en">Description</LocalizedString>
          <LocalizedString Language="ru">Примечание</LocalizedString>
        </Name>
        <Description />
      </Field>
      <DisplayFields FormatString="" />
    </Section>
    <Section Alias="System" RowAlias="" Type="struct" ID="54C0151C-C287-4A88-999D-7F828C500ECC" SimpleSecurity="true">
      <Name>
        <LocalizedString Language="en">System properties</LocalizedString>
        <LocalizedString Language="ru">Системные свойства</LocalizedString>
      </Name>
      <Field Alias="State" ID="4E299863-47AA-4B9C-93B9-68BF77431FB1" Type="refid" RefType="443F55F0-C8AB-4DD3-BCBD-5328C7C9D385" RefSection="521B4477-DD10-4F57-A453-09C70ADB7799" DefaultValue="" CopyBehavior="Copy">
        <Name>
          <LocalizedString Language="en">State</LocalizedString>
          <LocalizedString Language="ru">Состояние</LocalizedString>
        </Name>
        <Description />
      </Field>
      <Field Alias="Kind" ID="6110AEE2-2673-4E28-8CFE-04BEAD4F772F" Type="refid" RefType="8F704E7D-A123-4917-94B4-F3B851F193B2" RefSection="C7BA000C-6203-4D7F-8C6B-5CB6F1E6F851" DefaultValue="" CopyBehavior="Copy">
        <Name>
          <LocalizedString Language="en">Type</LocalizedString>
          <LocalizedString Language="ru">Вид</LocalizedString>
        </Name>
        <Description />
        <RefFields>
          <RefField Alias="Kind_Name" SysField="false">Name</RefField>
        </RefFields>
      </Field>
      <DisplayFields FormatString="" />
    </Section>
    <Section Alias="Numbers" RowAlias="" Type="coll" ID="817DCEAD-F506-44A1-9DF6-7575E7A2B7A5" SimpleSecurity="true">
      <Name>
        <LocalizedString Language="en">Numbers</LocalizedString>
        <LocalizedString Language="ru">Номера</LocalizedString>
      </Name>
      <Field Alias="NumericPart" ID="16120EA3-6494-44E0-935C-B293F360CEAB" Type="refid" RefType="959FF5E2-7E47-4F6F-9CF6-E1E477CD01CF" RefSection="D47F2C38-6553-4864-BAFF-0BC4D3A85290" DeleteLinkedOnValueChange="true" DefaultValue="" CopyBehavior="Null">
        <Name>
          <LocalizedString Language="en">Numeric part</LocalizedString>
          <LocalizedString Language="ru">Числовая часть</LocalizedString>
        </Name>
      </Field>
      <Field Alias="Number" ID="D54ADE9C-E6AD-491B-BF9A-2F71E1C919DB" Type="string" DefaultValue="" CopyBehavior="Null">
        <Name>
          <LocalizedString Language="en">Number</LocalizedString>
          <LocalizedString Language="ru">Номер</LocalizedString>
        </Name>
      </Field>
      <DisplayFields FormatString="">
        <DisplayField>Number</DisplayField>
      </DisplayFields>
    </Section>
    <Section Alias="Processes" RowAlias="" Type="coll" ID="2854F527-472E-4C7A-A82A-D7CC2639C240" SimpleSecurity="true">
      <Name>
        <LocalizedString Language="en">Business processes</LocalizedString>
        <LocalizedString Language="ru">Бизнес-процессы</LocalizedString>
        <LocalizedString Language="lv">Biznesa procesi</LocalizedString>
      </Name>
      <Field Alias="ProcessId" ID="A64F7AA4-9C03-409A-9E16-1AD0B8F6AE48" Type="refcardid" RefType="AE82DD57-348C-4407-A50A-9F2C7D694DA8" RefSection="0EF6BCCA-7A09-4027-A3A2-D2EEECA1BF4D" DefaultValue="" RefKind="Hard" CopyBehavior="Null">
        <Name>
          <LocalizedString Language="en">Link to process</LocalizedString>
          <LocalizedString Language="ru">Ссылка на процесс</LocalizedString>
          <LocalizedString Language="lv">Saite ar procesu</LocalizedString>
        </Name>
        <Description />
      </Field>
      <Field Alias="ProcessKind" ID="DD6ACD29-674F-4DE7-9959-C20862F49D19" Type="refid" RefType="8F704E7D-A123-4917-94B4-F3B851F193B2" RefSection="FF977158-5035-4494-AAD2-9FD0C708A7EC" DefaultValue="" CopyBehavior="Copy">
        <Name>
          <LocalizedString Language="en">Type of process</LocalizedString>
          <LocalizedString Language="ru">Вид процесса</LocalizedString>
        </Name>
        <Description />
      </Field>
      <DisplayFields FormatString="" />
    </Section>
  </Sections>
</CardDefinition>