﻿<?xml version="1.0" encoding="utf-8"?>
<CardLibrary xmlns:xsd="http://www.w3.org/2001/XMLSchema" xmlns:xsi="http://www.w3.org/2001/XMLSchema-instance" ID="560A6E47-CEC8-4A94-B68C-DA471481B3B7" Alias="ExtensionCardLib">
  <Definitions>
    <RefCardDefinition>NavigatorExtensionCard.xml</RefCardDefinition>
  </Definitions>
  <Name>
    <LocalizedString Language="en">ExtensionCardLib</LocalizedString>
    <LocalizedString Language="ru-RU">ExtensionCardLib</LocalizedString>
  </Name>
  <Log>
    <Name />
  </Log>
</CardLibrary>