﻿<?xml version="1.0" encoding="utf-8"?>
<CardDefinition xmlns:xsd="http://www.w3.org/2001/XMLSchema" xmlns:xsi="http://www.w3.org/2001/XMLSchema-instance" ID="391F478A-7224-45AC-BF33-8D55E2046FA2" Alias="NavigatorExtensionCard" Version="1" LibraryID="560A6E47-CEC8-4A94-B68C-DA471481B3B7" ProgID="" Dictionary="true" IconFile="" UIExtension="true" FetchMode="1" NonArchivable="true" DefaultSecurity="" TypeName="NavigatorExtension.Tab.Extension, NavigatorExtension.Tab, Version=1.0.0.0, Culture=neutral, PublicKeyToken=8b0f5c5fbca37349">
  <Name>
    <LocalizedString Language="en">NavigatorExtensionCard</LocalizedString>
    <LocalizedString Language="ru-RU">NavigatorExtensionCard</LocalizedString>
  </Name>
  <Sections>
    <Section Alias="FakeSection" RowAlias="" Type="struct" ID="FA8D629F-C95E-455B-A310-64A3261DF814">
      <Name>
        <LocalizedString Language="en">FakeSection</LocalizedString>
      </Name>
      <Field Alias="FakeField" ID="9AB08F53-C48A-4B4E-A040-07EC320D7D63" Type="int" DefaultValue="" CopyBehavior="Copy">
        <Name>
          <LocalizedString Language="en">FakeField</LocalizedString>
        </Name>
        <Description />
      </Field>
      <DisplayFields FormatString="" />
    </Section>
  </Sections>
</CardDefinition>