﻿<?xml version="1.0" encoding="utf-8"?>
<CardLibrary xmlns:xsd="http://www.w3.org/2001/XMLSchema" xmlns:xsi="http://www.w3.org/2001/XMLSchema-instance" ID="1C4F3FFB-020E-432F-B6D9-BB3E7120C2B7" Alias="PluginLib" ControlInfo="" IconFile="" MsiProductCode="" MsiPackageName="">
  <Definitions>
    <RefCardDefinition>TestPlugin.xml</RefCardDefinition>
  </Definitions>
  <Name>
    <LocalizedString Language="en">PluginLib</LocalizedString>
    <LocalizedString Language="ru-RU">Плагины для Навигатора</LocalizedString>
  </Name>
  <Log>
    <Name />
  </Log>
</CardLibrary>