﻿<?xml version="1.0" encoding="utf-8"?>
<CardDefinition xmlns:xsd="http://www.w3.org/2001/XMLSchema" xmlns:xsi="http://www.w3.org/2001/XMLSchema-instance" ID="E42757F6-4D55-4168-BA03-669D0A28BB61" Alias="SampleNavigatorPlugin" Version="5" LibraryID="1C4F3FFB-020E-432F-B6D9-BB3E7120C2B7" ProgID="clsid:{6a0676ee-1daf-4a59-b5eb-e0b5b4c175e1}" Dictionary="true" NonSearchable="true" NonViewable="true" NonCreatable="true" IconFile="" NoLockOnOpen="true" UIExtension="true" AlwaysRead="true" FetchMode="1" SimpleSecurity="true" NonReplicable="true" NonArchivable="true" DefaultSecurity="" TypeName="Docsvision.Samples.NavigatorPlugin.Plugin,  Docsvision.Samples.NavigatorPlugin, Version=1.0.0.0, Culture=neutral, PublicKeyToken=e9938d8da53a5c45">
  <Name>
    <LocalizedString Language="en">SampleNavigatorPlugin</LocalizedString>
    <LocalizedString Language="ru">Пример расширения Навигатора</LocalizedString>
  </Name>
  <Sections>
    <Section Alias="MainInfo" RowAlias="" Type="struct" ID="F158EB3B-D085-4799-B0BA-744AC3F8E45F" SimpleSecurity="true">
      <Name>
        <LocalizedString Language="en">ToNull</LocalizedString>
        <LocalizedString Language="ru">Обязательная секция</LocalizedString>
      </Name>
      <Field Alias="ReqField" ID="AA188418-9396-48E5-9C70-9D8DAB4E24CE" Type="int" NotNull="true" DefaultValue="0" CopyBehavior="Copy">
        <Name>
          <LocalizedString Language="en">ReqField</LocalizedString>
          <LocalizedString Language="ru">Обязательное поле</LocalizedString>
        </Name>
        <Description />
      </Field>
      <DisplayFields FormatString="" />
    </Section>
  </Sections>
</CardDefinition>